AlertID,County,EndRoadwayLocation,EndTime,EventCategory,EventStatus,ExtendedDescription,HeadlineDescription,LastUpdatedTime,Priority,Region,StartRoadwayLocation,StartTime
707101,,"{'Description': None, 'Direction': 'E', 'Latitude': 0, 'Longitude': 0, 'MilePost': 0, 'RoadName': '522'}",,Construction,Open,,On SR 522 eastbound at 73rd Ave NE (MP 7) the right lane is closed due to roadwork.,/Date(1785427721103-0700)/,Medium,Northwest,"{'Description': None, 'Direction': 'E', 'Latitude': 47.75743007, 'Longitude': -122.243663421, 'MilePost': 7.49, 'RoadName': '522'}",2026-07-30 09:08:00-07:00
707102,,"{'Description': None, 'Direction': 'W', 'Latitude': 48.241025232, 'Longitude': -122.374317605, 'MilePost': 3.86, 'RoadName': '532'}",2026-08-03 04:00:00-07:00,Maintenance,Open,,"From 9 p.m. Sunday, Aug. 2 to 4 a.m. Monday, Aug. 3, the westbound traffic on SR 532/Camano Island Highway between 102nd Avenue Northwest (milepost 4) and 104th Drive Northwest (milepost 3) will see a traffic shift for maintenance paving.",/Date(1785428006303-0700)/,Low,Northwest,"{'Description': None, 'Direction': 'W', 'Latitude': 48.241065052, 'Longitude': -122.370657079, 'MilePost': 4.03, 'RoadName': '532'}",2026-07-30 09:07:00-07:00
707100,,"{'Description': None, 'Direction': 'E', 'Latitude': 0, 'Longitude': 0, 'MilePost': 0, 'RoadName': '522'}",,Construction,Open,,On SR 522 eastbound at 61st Ave NE (MP 7) the right lane is closed due to roadwork.,/Date(1785427687060-0700)/,Medium,Northwest,"{'Description': None, 'Direction': 'E', 'Latitude': 47.758355993, 'Longitude': -122.262372506, 'MilePost': 6.61, 'RoadName': '522'}",2026-07-30 09:06:00-07:00
707096,,"{'Description': None, 'Direction': 'A', 'Latitude': 48.52568443, 'Longitude': -121.93634126, 'MilePost': 80.0, 'RoadName': '020'}",,Construction,Open,,Eastbound & westbound traffic is alternating on SR 20 from Lyman Hamilton Rd (MP 79) to Pinelli Rd (MP 80) due to roadwork.,/Date(1785426552580-0700)/,Medium,Northwest,"{'Description': None, 'Direction': 'A', 'Latitude': 48.523105724, 'Longitude': -121.95790253, 'MilePost': 79.0, 'RoadName': '020'}",2026-07-30 08:46:00-07:00
707085,,"{'Description': None, 'Direction': 'A', 'Latitude': 0, 'Longitude': 0, 'MilePost': 0, 'RoadName': '009'}",,Construction,Open,,Northbound & southbound traffic is alternating on SR 9 at Mt Vernon-Big Lake Rd (MP 49) due to roadwork.,/Date(1785422764030-0700)/,Medium,Northwest,"{'Description': None, 'Direction': 'A', 'Latitude': 48.421060151, 'Longitude': -122.256321549, 'MilePost': 49.0, 'RoadName': '009'}",2026-07-30 07:44:00-07:00
707084,,"{'Description': None, 'Direction': 'A', 'Latitude': 0, 'Longitude': 0, 'MilePost': 0, 'RoadName': '009'}",,Construction,Open,,Northbound & southbound traffic is alternating on SR 9 at Kalloch Road (MP 59) due to roadwork.,/Date(1785422563650-0700)/,Medium,Northwest,"{'Description': None, 'Direction': 'A', 'Latitude': 48.536552021, 'Longitude': -122.226042034, 'MilePost': 59.0, 'RoadName': '009'}",2026-07-30 07:41:00-07:00
707067,,"{'Description': None, 'Direction': 'E', 'Latitude': 47.847083281, 'Longitude': -122.010211925, 'MilePost': 23.0, 'RoadName': '522'}",,Maintenance,Open,,On SR 522 eastbound from Snohomish River (MP 21) to just west of 164th ST (MP 23) the right lane is closed due to maintenance.,/Date(1785417760140-0700)/,Medium,Northwest,"{'Description': None, 'Direction': 'E', 'Latitude': 47.830548993, 'Longitude': -122.039628175, 'MilePost': 21.0, 'RoadName': '522'}",2026-07-30 06:20:00-07:00
707065,,"{'Description': None, 'Direction': 'A', 'Latitude': 48.918312739, 'Longitude': -122.320657648, 'MilePost': 90.18, 'RoadName': '009'}",,Construction,Open,,Northbound & southbound traffic is alternating on SR 9 from Cole Rd (MP 88) to Nooksack (MP 90) due to roadwork.,/Date(1785417583273-0700)/,Medium,Northwest,"{'Description': None, 'Direction': 'A', 'Latitude': 48.889147173, 'Longitude': -122.320554405, 'MilePost': 88.16, 'RoadName': '009'}",2026-07-30 06:17:00-07:00
706744,,"{'Description': None, 'Direction': 'N', 'Latitude': 0, 'Longitude': 0, 'MilePost': 0, 'RoadName': '405'}",2026-07-31 05:00:00-07:00,Construction,Open,,"The northbound I-405 HOV off-ramp to Northeast Sixth Street will be closed overnight, 9 p.m. Thursday, July 30 – 5 a.m. Friday, July 31. A signed detour will be in place.",/Date(1785187984220-0700)/,Low,Northwest,"{'Description': None, 'Direction': 'N', 'Latitude': 47.615361074, 'Longitude': -122.188480907, 'MilePost': 13.68, 'RoadName': '405'}",2026-07-30 00:00:00-07:00
706765,,"{'Description': None, 'Direction': 'S', 'Latitude': 0, 'Longitude': 0, 'MilePost': 0, 'RoadName': '405'}",2026-07-31 04:15:00-07:00,Construction,Open,,"The southbound I-405 HOV off-ramp to northbound I-5 will be closed overnight, 9 p.m. Thursday, July 30 – 4:15 a.m. Friday, July 31. A signed detour will be in place.",/Date(1785188945733-0700)/,Low,Northwest,"{'Description': None, 'Direction': 'S', 'Latitude': 47.46267578, 'Longitude': -122.266144042, 'MilePost': 0.0, 'RoadName': '405'}",2026-07-30 00:00:00-07:00
706872,,"{'Description': None, 'Direction': 'N', 'Latitude': 0, 'Longitude': 0, 'MilePost': 0, 'RoadName': '405'}",2026-07-31 05:00:00-07:00,Construction,Open,,"The northbound I-405 off-ramp to SR 527 will be closed overnight from 11:59 p.m. Thursday, July 30 to 5 a.m. Friday, July 31.",/Date(1785265326333-0700)/,Low,Northwest,"{'Description': None, 'Direction': 'N', 'Latitude': 47.794994853, 'Longitude': -122.21417697, 'MilePost': 26.75, 'RoadName': '405'}",2026-07-30 00:00:00-07:00
706764,,"{'Description': None, 'Direction': 'E', 'Latitude': 0, 'Longitude': 0, 'MilePost': 0, 'RoadName': '405'}",2026-07-31 05:00:00-07:00,Construction,Open,,"The southbound I-405 off-ramp to Talbot Road South / SR 515 will be closed overnight, 10:30 p.m. Thursday, July 30 – 5 a.m. Friday, July 31. A signed detour will be in place.",/Date(1785188902137-0700)/,Low,Northwest,"{'Description': None, 'Direction': 'E', 'Latitude': 47.468789988, 'Longitude': -122.208325906, 'MilePost': 2.77, 'RoadName': '405'}",2026-07-30 00:00:00-07:00
706713,,"{'Description': None, 'Direction': 'N', 'Latitude': 47.560041747, 'Longitude': -122.187774576, 'MilePost': 9.5, 'RoadName': '405'}",2026-07-31 05:00:00-07:00,Construction,Open,,"Up to three lanes of northbound I-405 from milepost 7 to Coal Creek Parkway Southeast (milepost 9.5) will be closed overnight, 8:45 p.m. Thursday, July 30 – 5 a.m. Friday, July 31.",/Date(1785185501980-0700)/,Low,Northwest,"{'Description': None, 'Direction': 'N', 'Latitude': 47.52563652, 'Longitude': -122.197727387, 'MilePost': 7.0, 'RoadName': '405'}",2026-07-30 00:00:00-07:00
706727,,"{'Description': None, 'Direction': 'S', 'Latitude': 47.466932117, 'Longitude': -122.23549697, 'MilePost': 1.5, 'RoadName': '405'}",2026-07-31 05:00:00-07:00,Construction,Open,,"Up to three lanes of southbound I-405 from milepost 0.5 to milepost 1.5 will be closed overnight, 9 p.m. Thursday, July 30 – 5 a.m. Friday, July 31.",/Date(1785186412883-0700)/,Low,Northwest,"{'Description': None, 'Direction': 'S', 'Latitude': 47.462035826, 'Longitude': -122.255211493, 'MilePost': 0.5, 'RoadName': '405'}",2026-07-30 00:00:00-07:00
706861,,"{'Description': None, 'Direction': 'N', 'Latitude': 47.819541841, 'Longitude': -122.241328607, 'MilePost': 28.95, 'RoadName': '405'}",2026-07-31 04:30:00-07:00,Construction,Open,,"All general-purpose lanes of northbound I-405 from Northeast 195th Street (milepost 24.8) to Damson Road (milepost 29.0) will be closed overnight from 11:30 p.m. Thursday, July 30 to 4:30 a.m. Friday, July 31.",/Date(1785261052343-0700)/,Low,Northwest,"{'Description': None, 'Direction': 'N', 'Latitude': 47.769271903, 'Longitude': -122.189462012, 'MilePost': 24.52, 'RoadName': '405'}",2026-07-30 00:00:00-07:00
706750,,"{'Description': None, 'Direction': 'S', 'Latitude': 0, 'Longitude': 0, 'MilePost': 0, 'RoadName': '405'}",2026-07-31 05:00:00-07:00,Construction,Open,,"The Northeast Sixth Street HOV on-ramp to southbound I-405 will be closed overnight, 9 p.m. Thursday, July 30 – 5 a.m. Friday, July 31. A signed detour will be in place.",/Date(1785188189023-0700)/,Low,Northwest,"{'Description': None, 'Direction': 'S', 'Latitude': 47.615326464, 'Longitude': -122.18891608, 'MilePost': 13.68, 'RoadName': '405'}",2026-07-30 00:00:00-07:00
706871,,"{'Description': None, 'Direction': 'N', 'Latitude': 0, 'Longitude': 0, 'MilePost': 0, 'RoadName': '405'}",2026-07-31 04:30:00-07:00,Construction,Open,,"The northbound and southbound SR 527 on-ramp to northbound I-405 will be closed overnight from 11 p.m. Thursday, July 30 to 4:30 a.m. Friday, July 31.",/Date(1785361497327-0700)/,Low,Northwest,"{'Description': None, 'Direction': 'N', 'Latitude': 47.794994853, 'Longitude': -122.21417697, 'MilePost': 26.75, 'RoadName': '405'}",2026-07-30 00:00:00-07:00
706715,,"{'Description': None, 'Direction': 'N', 'Latitude': 47.617050879, 'Longitude': -122.18852215, 'MilePost': 13.8, 'RoadName': '405'}",2026-07-31 05:00:00-07:00,Construction,Open,,"Up to three lanes of northbound I-405 from Coal Creek Parkway Southeast (milepost 10) to Northeast Sixth Street (milepost 13.8) will be closed overnight, 9 p.m. Thursday, July 30 – 5 a.m. Friday, July 31.",/Date(1785185556150-0700)/,Low,Northwest,"{'Description': None, 'Direction': 'N', 'Latitude': 47.566080979, 'Longitude': -122.183126651, 'MilePost': 10.0, 'RoadName': '405'}",2026-07-30 00:00:00-07:00
706725,,"{'Description': None, 'Direction': 'S', 'Latitude': 47.474037677, 'Longitude': -122.203914822, 'MilePost': 3.2, 'RoadName': '405'}",2026-07-31 05:15:00-07:00,Construction,Open,,"Up to three lanes of southbound I-405 from SR 900 / North Southport Drive (milepost 5.5) to Talbot Road South / SR 515 (milepost 3.2) will be closed overnight 10:30 p.m. Thursday, July 30 – 5:15 a.m. Friday, July 31.",/Date(1785186366310-0700)/,Low,Northwest,"{'Description': None, 'Direction': 'S', 'Latitude': 47.503806417, 'Longitude': -122.197254692, 'MilePost': 5.5, 'RoadName': '405'}",2026-07-30 00:00:00-07:00
707003,,"{'Description': None, 'Direction': 'B', 'Latitude': 48.920169151, 'Longitude': -122.3374517, 'MilePost': 8.29, 'RoadName': '544'}",2026-07-30 17:00:00-07:00,Maintenance,Open,,"From 7:30 a.m. to 5 p.m. Thursday, July 30 traffic on State Route 544 from Kirsch Drive to Blair Drive (milepost 8) will alternate with flaggers for paving maintenance.",/Date(1785357413413-0700)/,Medium,Northwest,"{'Description': None, 'Direction': 'B', 'Latitude': 48.920136341, 'Longitude': -122.341071926, 'MilePost': 8.12, 'RoadName': '544'}",2026-07-29 13:34:00-07:00
706993,,"{'Description': None, 'Direction': 'E', 'Latitude': 0, 'Longitude': 0, 'MilePost': 0, 'RoadName': '020'}",,Maintenance,Open,,On SR 20 eastbound at SR 536 (MP 55) the left lane is closed due to maintenance.,/Date(1785347971337-0700)/,Medium,Northwest,"{'Description': None, 'Direction': 'E', 'Latitude': 48.446065974, 'Longitude': -122.433179687, 'MilePost': 55.0, 'RoadName': '020'}",2026-07-29 10:58:00-07:00
706874,,"{'Description': None, 'Direction': 'S', 'Latitude': 0, 'Longitude': 0, 'MilePost': 0, 'RoadName': '405'}",2026-07-31 04:00:00-07:00,Construction,Open,,"The Northeast 160th Street on-ramp to southbound I-405 will be closed nightly from 10 p.m. Wednesday, July 29 to 4 a.m. Friday, July 31.",/Date(1785265445590-0700)/,Low,Northwest,"{'Description': None, 'Direction': 'S', 'Latitude': 47.74253745, 'Longitude': -122.187195459, 'MilePost': 22.61, 'RoadName': '405'}",2026-07-29 00:00:00-07:00
706757,,"{'Description': None, 'Direction': 'S', 'Latitude': 0, 'Longitude': 0, 'MilePost': 0, 'RoadName': '405'}",2026-07-31 05:00:00-07:00,Construction,Open,,"The 112th Avenue Southeast / Lake Washington Boulevard Southeast on-ramp to southbound I-405 will be closed nightly, 9 p.m. Wednesday, July 29 – 5 a.m. Friday, July 31. A signed detour will be in place.",/Date(1785188619590-0700)/,Low,Northwest,"{'Description': None, 'Direction': 'S', 'Latitude': 47.557000236, 'Longitude': -122.190257466, 'MilePost': 9.26, 'RoadName': '405'}",2026-07-29 00:00:00-07:00
706759,,"{'Description': None, 'Direction': 'S', 'Latitude': 0, 'Longitude': 0, 'MilePost': 0, 'RoadName': '405'}",2026-07-31 05:00:00-07:00,Construction,Open,,"The southbound I-405 off-ramp to Northeast 44th Street will be closed nightly, 9 p.m. Wednesday, July 29 – 5 a.m. Friday, July 31. A signed detour will be in place.",/Date(1785188658797-0700)/,Low,Northwest,"{'Description': None, 'Direction': 'S', 'Latitude': 47.532209452, 'Longitude': -122.197649896, 'MilePost': 7.47, 'RoadName': '405'}",2026-07-29 00:00:00-07:00
706854,,"{'Description': None, 'Direction': 'N', 'Latitude': 0, 'Longitude': 0, 'MilePost': 0, 'RoadName': '405'}",2026-07-31 05:00:00-07:00,Construction,Open,,"Wednesday, July 29 to the morning of Friday, July 31: The Northeast 85th Street onramp to northbound I-405 will be closed, nightly from 11 p.m. - 5 a.m.",/Date(1785260307890-0700)/,Low,Northwest,"{'Description': None, 'Direction': 'N', 'Latitude': 47.679488357, 'Longitude': -122.184379668, 'MilePost': 18.14, 'RoadName': '405'}",2026-07-29 00:00:00-07:00
706761,,"{'Description': None, 'Direction': 'S', 'Latitude': 0, 'Longitude': 0, 'MilePost': 0, 'RoadName': '405'}",2026-07-31 04:30:00-07:00,Construction,Open,,"The SR 169 on-ramp to southbound I-405 will be closed nightly, 10 p.m. Wednesday, July 29 – 4:30 a.m. Friday, July 31. A signed detour will be in place.",/Date(1785188760470-0700)/,Low,Northwest,"{'Description': None, 'Direction': 'S', 'Latitude': 47.485851255, 'Longitude': -122.194949673, 'MilePost': 4.17, 'RoadName': '405'}",2026-07-29 00:00:00-07:00
706708,,"{'Description': None, 'Direction': 'N', 'Latitude': 47.490120447, 'Longitude': -122.192258837, 'MilePost': 4.5, 'RoadName': '405'}",2026-07-31 05:00:00-07:00,Construction,Open,,"Up to three lanes of northbound I-405 from SR 181 (milepost 2) to Sunset Boulevard North (milepost 4.5) will be closed nightly, 9 p.m. Wednesday, July 29 – 5 a.m. Friday, July 31.",/Date(1785185213473-0700)/,Low,Northwest,"{'Description': None, 'Direction': 'N', 'Latitude': 47.467403463, 'Longitude': -122.224654333, 'MilePost': 2.0, 'RoadName': '405'}",2026-07-29 00:00:00-07:00
706738,,"{'Description': None, 'Direction': 'N', 'Latitude': 47.75777286, 'Longitude': -122.184242587, 'MilePost': 23.67, 'RoadName': '405'}",2026-07-31 05:00:00-07:00,Construction,Open,,"The right lane of the northbound I-405/Northeast 160th Street off-ramp to eastbound SR 522 will be closed overnight from 10 p.m. Tuesday, July 28 to 5 a.m. Friday, July 31.",/Date(1785187532357-0700)/,Low,Northwest,"{'Description': None, 'Direction': 'N', 'Latitude': 47.742729246, 'Longitude': -122.186905802, 'MilePost': 22.61, 'RoadName': '405'}",2026-07-28 00:00:00-07:00
706056,,"{'Description': None, 'Direction': 'N', 'Latitude': 0, 'Longitude': 0, 'MilePost': 0, 'RoadName': '536'}",,Construction,Open,,"Beginning as early as Tuesday, July 28, expect intermittent closures of the sidewalk over the SR 536 Skagit River Bridge to pedestrians, bicyclists and people using mobility devices between 7 a.m. and 7 p.m. daily. When the sidewalk is closed, a free, ADA-complaint shuttle service will be available, with pickup locations on both sides of the river.
 
More on <a href=""https://wsdot.wa.gov/construction-planning/search-projects/sr-536-skagit-river-bridge-painting"">project webpage</a>.",/Date(1784655473170-0700)/,Medium,Northwest,"{'Description': None, 'Direction': 'N', 'Latitude': 48.42165281, 'Longitude': -122.341202081, 'MilePost': 4.72, 'RoadName': '536'}",2026-07-27 05:00:00-07:00
706749,,"{'Description': None, 'Direction': 'N', 'Latitude': 0, 'Longitude': 0, 'MilePost': 0, 'RoadName': '405'}",2026-07-31 05:00:00-07:00,Construction,Open,,"The Northeast 195th Street on-ramp to northbound I-405 will be closed nightly from 11 p.m. Monday, July 27 to 5 a.m. Wednesday, July 29 and overnight from 11 p.m. Thursday, July 30 to 5 a.m. Friday, July 31.",/Date(1785188173890-0700)/,Low,Northwest,"{'Description': None, 'Direction': 'N', 'Latitude': 47.769271903, 'Longitude': -122.189462012, 'MilePost': 24.52, 'RoadName': '405'}",2026-07-27 00:00:00-07:00
706743,,"{'Description': None, 'Direction': 'S', 'Latitude': 0, 'Longitude': 0, 'MilePost': 0, 'RoadName': '527'}",2026-07-31 03:00:00-07:00,Construction,Open,,"The right lane of southbound SR 527 at 220th Street Southeast will be closed nightly from 9 p.m. Monday, July 27 to 3 a.m. Friday, July 31.",/Date(1785187965637-0700)/,Low,Northwest,"{'Description': None, 'Direction': 'S', 'Latitude': 47.798469116, 'Longitude': -122.212044431, 'MilePost': 2.93, 'RoadName': '527'}",2026-07-27 00:00:00-07:00
706731,,"{'Description': None, 'Direction': 'N', 'Latitude': 0, 'Longitude': 0, 'MilePost': 0, 'RoadName': '405'}",2026-07-31 05:00:00-07:00,Construction,Open,,"Monday, July 27 to the morning of Friday, July 31: The northbound I-405 off-ramp to Northeast 85th Street will be closed, nightly from 11 p.m. - 5 a.m.",/Date(1785187053630-0700)/,Low,Northwest,"{'Description': None, 'Direction': 'N', 'Latitude': 47.679488357, 'Longitude': -122.184379668, 'MilePost': 18.14, 'RoadName': '405'}",2026-07-27 00:00:00-07:00
706728,,"{'Description': None, 'Direction': 'S', 'Latitude': 0, 'Longitude': 0, 'MilePost': 0, 'RoadName': '405'}",2026-07-31 04:00:00-07:00,Construction,Open,,"Monday, July 27 to the morning of Wednesday, July 29: The southbound I-405 offramp to Northeast 85th Street will be closed, nightly from 10 p.m. - 4 a.m.",/Date(1785186959927-0700)/,Low,Northwest,"{'Description': None, 'Direction': 'S', 'Latitude': 47.679470371, 'Longitude': -122.184684349, 'MilePost': 18.14, 'RoadName': '405'}",2026-07-27 00:00:00-07:00
706696,,"{'Description': None, 'Direction': 'S', 'Latitude': 0, 'Longitude': 0, 'MilePost': 0, 'RoadName': '405'}",2026-07-31 04:00:00-07:00,Construction,Open,,"Monday, July 27 to the morning of Friday, July 31: The southbound I-405 off-ramp to Northeast 70th Street will be closed, nightly from 10 p.m. - 4 a.m.",/Date(1785175213193-0700)/,Low,Northwest,"{'Description': None, 'Direction': 'S', 'Latitude': 47.669615743, 'Longitude': -122.187220512, 'MilePost': 17.44, 'RoadName': '405'}",2026-07-27 00:00:00-07:00
706733,,"{'Description': None, 'Direction': 'N', 'Latitude': 0, 'Longitude': 0, 'MilePost': 0, 'RoadName': '405'}",2026-07-31 05:00:00-07:00,Construction,Open,,"Monday, July 27 to the morning of Friday, July 31: The Northeast 70th Street on-ramp to northbound I-405 will be closed, nightly from 11 p.m. - 5 am.",/Date(1785187127070-0700)/,Low,Northwest,"{'Description': None, 'Direction': 'N', 'Latitude': 47.669656418, 'Longitude': -122.186816477, 'MilePost': 17.44, 'RoadName': '405'}",2026-07-27 00:00:00-07:00
706688,,"{'Description': None, 'Direction': 'S', 'Latitude': 47.655350139, 'Longitude': -122.187168091, 'MilePost': 16.45, 'RoadName': '405'}",2026-07-31 04:00:00-07:00,Construction,Open,,"Monday, July 27 to the morning of Friday, July 31: Up to two lanes of southbound I-405 between milepost 18.11 and milepost 16.45 will be closed, nightly from 11 p.m. – 4 a.m.",/Date(1785173940103-0700)/,Low,Northwest,"{'Description': None, 'Direction': 'S', 'Latitude': 47.679113567, 'Longitude': -122.184698067, 'MilePost': 18.11, 'RoadName': '405'}",2026-07-27 00:00:00-07:00
706736,,"{'Description': None, 'Direction': 'N', 'Latitude': 47.769271903, 'Longitude': -122.189462012, 'MilePost': 24.52, 'RoadName': '405'}",2026-07-31 05:00:00-07:00,Construction,Open,,"The northbound collector-distributor lane between SR 522 and Northeast 195th Street will be closed nightly from 8 p.m. Monday, July 27 to 5 a.m. Wednesday, July 29 and overnight from 8 p.m. Thursday, July 30 to 5 a.m. Friday, July 31.",/Date(1785187361747-0700)/,Low,Northwest,"{'Description': None, 'Direction': 'N', 'Latitude': 47.75777286, 'Longitude': -122.184242587, 'MilePost': 23.67, 'RoadName': '405'}",2026-07-27 00:00:00-07:00
706739,,"{'Description': None, 'Direction': 'S', 'Latitude': 47.769218451, 'Longitude': -122.189776685, 'MilePost': 24.52, 'RoadName': '405'}",2026-07-31 04:00:00-07:00,Construction,Open,,"The right general-purpose lane of southbound I-405 from SR 527 (milepost 27.65) to Northeast 195th Street (milepost 24.75) will be closed nightly from 10:30 p.m. Monday, July 27 to 4 a.m. Friday, July 31.",/Date(1785187654413-0700)/,Low,Northwest,"{'Description': None, 'Direction': 'S', 'Latitude': 47.794743364, 'Longitude': -122.214321715, 'MilePost': 26.75, 'RoadName': '405'}",2026-07-27 00:00:00-07:00
706694,,"{'Description': None, 'Direction': 'N', 'Latitude': 47.679243156, 'Longitude': -122.18438559, 'MilePost': 18.12, 'RoadName': '405'}",2026-07-31 04:30:00-07:00,Construction,Open,,"Monday, July 27 to the morning of Friday, July 31: Up to three lanes of northbound I-405 between milepost 17.45 and milepost 18.12 will be closed, nightly from 11:30 p.m. - 4:30 a.m.",/Date(1785174894200-0700)/,Low,Northwest,"{'Description': None, 'Direction': 'N', 'Latitude': 47.669802822, 'Longitude': -122.18679732, 'MilePost': 17.45, 'RoadName': '405'}",2026-07-27 00:00:00-07:00
706723,,"{'Description': None, 'Direction': 'S', 'Latitude': 47.518301608, 'Longitude': -122.198630649, 'MilePost': 6.5, 'RoadName': '405'}",2026-07-31 05:00:00-07:00,Construction,Open,,"Up to two lanes of southbound I-405 from Lake Washington Boulevard Southeast (milepost 9) to North 30th Street (milepost 6.5) will be closed nightly, 9:30 p.m. Monday, July 27 – 5 a.m. Friday, July 31.",/Date(1785186283300-0700)/,Low,Northwest,"{'Description': None, 'Direction': 'S', 'Latitude': 47.55366735, 'Longitude': -122.192640092, 'MilePost': 9.0, 'RoadName': '405'}",2026-07-27 00:00:00-07:00
706692,,"{'Description': None, 'Direction': 'N', 'Latitude': 47.679243156, 'Longitude': -122.18438559, 'MilePost': 18.12, 'RoadName': '405'}",2026-07-31 05:00:00-07:00,Construction,Open,,"Monday, July 27 to the morning of Friday, July 31: Two Express Toll Lanes and one lane of northbound I-405 between milepost 17.45 and milepost 18.12 will be closed, nightly from 10 p.m. - 5 a.m.",/Date(1785174680833-0700)/,Low,Northwest,"{'Description': None, 'Direction': 'N', 'Latitude': 47.669802822, 'Longitude': -122.18679732, 'MilePost': 17.45, 'RoadName': '405'}",2026-07-27 00:00:00-07:00
706690,,"{'Description': None, 'Direction': 'S', 'Latitude': 47.655350139, 'Longitude': -122.187168091, 'MilePost': 16.45, 'RoadName': '405'}",2026-07-31 04:30:00-07:00,Construction,Open,,"Monday, July 27 to the morning of Friday, July 31: Two Express Toll Lanes (ETLs) of southbound I-405 between milepost 18.11 and milepost 16.45 will be closed, nightly from 8 p.m. - 4:30 a.m.",/Date(1785174409707-0700)/,Low,Northwest,"{'Description': None, 'Direction': 'S', 'Latitude': 47.679113567, 'Longitude': -122.184698067, 'MilePost': 18.11, 'RoadName': '405'}",2026-07-27 00:00:00-07:00
706484,,"{'Description': None, 'Direction': 'B', 'Latitude': 47.978230506, 'Longitude': -122.171729829, 'MilePost': 0.88, 'RoadName': '002'}",2026-08-02 12:00:00-07:00,Maintenance,Open,,"From 4 a.m. to 1 p.m. Saturday, Aug. 1, the right lane of the westbound US 2 Ebey Slough Bridge (milepost 2) will close for maintenance. From 4 a.m. to noon Sunday, Aug. 2, the right lane of the eastbound US 2 Ebey Slough Bridge will close.",/Date(1784936239997-0700)/,Medium,Northwest,"{'Description': None, 'Direction': 'B', 'Latitude': 47.97798223, 'Longitude': -122.145457924, 'MilePost': 2.09, 'RoadName': '002'}",2026-07-24 16:35:00-07:00
706483,,"{'Description': None, 'Direction': 'N', 'Latitude': 47.463319469, 'Longitude': -122.246881208, 'MilePost': 0.91, 'RoadName': '405'}",2026-08-02 06:00:00-07:00,Maintenance,Open,,"From 9 p.m. Saturday, Aug. 1 to 6 a.m. Sunday, Aug. 2, northbound Interstate 405 will close from I-5 to State Route 181/West Valley Highway (milepost 0-1) for maintenance.",/Date(1785343888387-0700)/,High,Northwest,"{'Description': None, 'Direction': 'N', 'Latitude': 47.461396794, 'Longitude': -122.26511512, 'MilePost': 0.0, 'RoadName': '405'}",2026-07-24 16:33:00-07:00
706482,,"{'Description': None, 'Direction': 'N', 'Latitude': 48.043270865, 'Longitude': -122.180540044, 'MilePost': 198.5, 'RoadName': '005'}",2026-07-31 12:00:00-07:00,Maintenance,Open,,"From 6 a.m. to noon Friday, July 31, one right lane of northbound Interstate 5 from the Union Slough Bridge to the Ebey Slough Bridge (milepost 197-198) will close for maintenance.",/Date(1784935966053-0700)/,Low,Northwest,"{'Description': None, 'Direction': 'N', 'Latitude': 48.02188063, 'Longitude': -122.175277004, 'MilePost': 197.0, 'RoadName': '005'}",2026-07-24 16:31:00-07:00
706480,,"{'Description': None, 'Direction': 'S', 'Latitude': 0, 'Longitude': 0, 'MilePost': 0, 'RoadName': '005'}",2026-08-01 05:00:00-07:00,Maintenance,Open,,"From 10 p.m. Friday, July 31 to 5 a.m. Saturday, Aug. 1, the southbound Interstate 5 off-ramp to South Forest Street/Sixth Avenue South (milepost 163) will close for maintenance.",/Date(1784935883893-0700)/,Low,Northwest,"{'Description': None, 'Direction': 'S', 'Latitude': 47.575396219, 'Longitude': -122.319959754, 'MilePost': 163.2, 'RoadName': '005'}",2026-07-24 16:30:00-07:00
706479,,"{'Description': None, 'Direction': 'B', 'Latitude': 47.851072987, 'Longitude': -121.860387205, 'MilePost': 20.12, 'RoadName': '002'}",2026-07-31 03:30:00-07:00,Maintenance,Open,,"From 10 p.m. Thursday, July 30 to 3:30 a.m. Friday, July 31, US 2 traffic will alternate with flaggers at Fern Bluff Road (milepost 18-20) for maintenance work.",/Date(1784935785897-0700)/,Low,Northwest,"{'Description': None, 'Direction': 'B', 'Latitude': 47.855361424, 'Longitude': -121.890841907, 'MilePost': 18.67, 'RoadName': '002'}",2026-07-24 16:28:00-07:00
706478,,"{'Description': None, 'Direction': 'B', 'Latitude': 47.67866534, 'Longitude': -121.908058888, 'MilePost': 8.16, 'RoadName': '203'}",2026-07-30 15:00:00-07:00,Maintenance,Open,,"From 7:30 a.m. to 3 p.m. Thursday, July 30, State Route 203 traffic will alternate with flaggers from Northeast 77th Street/Davis Mill Road to Northeast 87th Street (milepost 8) for maintenance.",/Date(1784935687737-0700)/,Low,Northwest,"{'Description': None, 'Direction': 'B', 'Latitude': 47.67220788, 'Longitude': -121.907952772, 'MilePost': 7.67, 'RoadName': '203'}",2026-07-24 16:25:00-07:00
706472,,"{'Description': None, 'Direction': 'B', 'Latitude': 0, 'Longitude': 0, 'MilePost': 0, 'RoadName': '002'}",2026-07-30 14:30:00-07:00,Maintenance,Open,,"From 7:30 a.m. to 2:30 p.m. Tuesday, July 28, US 2 traffic will alternate with flaggers west of Iron Goat Trail (milepost 53) for maintenance. This work may also need to occur on Wednesday, July 29 and Thursday, July 30.",/Date(1784934677487-0700)/,Low,Northwest,"{'Description': None, 'Direction': 'B', 'Latitude': 47.718145348, 'Longitude': -121.231429831, 'MilePost': 55.01, 'RoadName': '002'}",2026-07-24 16:08:00-07:00
706470,,"{'Description': None, 'Direction': 'N', 'Latitude': 47.729484381, 'Longitude': -122.188638759, 'MilePost': 21.69, 'RoadName': '405'}",2026-07-31 04:00:00-07:00,Maintenance,Open,,"From 7 p.m. to 4 a.m. the next day beginning Monday, July 27 to 4 a.m. Friday, July 31, three lanes of northbound Interstate 405 from Northeast 85th Street/Northeast Redmond Way (milepost 18) to Northeast 145th Street (milepost 21) will close for maintenance. The off-ramps to Northeast 116th Street and Northeast 124th Street and the on-ramp at Northeast 132nd Street will close Monday and Tuesday nights. The HOV off-ramp to 128th Street will close Wednesday and Thursday nights.",/Date(1784934079770-0700)/,Medium,Northwest,"{'Description': None, 'Direction': 'N', 'Latitude': 47.679488357, 'Longitude': -122.184379668, 'MilePost': 18.14, 'RoadName': '405'}",2026-07-24 15:54:00-07:00
706466,,"{'Description': None, 'Direction': 'B', 'Latitude': 48.151822186, 'Longitude': -122.215290269, 'MilePost': 5.13, 'RoadName': '531'}",2026-07-31 05:00:00-07:00,Maintenance,Open,,"Nightly from 9 p.m. to 5 a.m. the next day beginning Wednesday, July 29 to 5 a.m. Friday, July 31, both directions of State Route 531 will alternate with flaggers from Third Avenue Northeast to 11th Avenue Northeast (milepost 5) for utilities work.",/Date(1784933120833-0700)/,Low,Northwest,"{'Description': None, 'Direction': 'B', 'Latitude': 48.152002997, 'Longitude': -122.227123629, 'MilePost': 4.58, 'RoadName': '531'}",2026-07-24 15:43:00-07:00
706465,,"{'Description': None, 'Direction': 'B', 'Latitude': 0, 'Longitude': 0, 'MilePost': 0, 'RoadName': '096'}",2026-07-31 05:00:00-07:00,Maintenance,Open,,"From 8 p.m. Thursday, July 30 to 5 a.m. Friday, July 31, State Route 96 traffic will alternate with flaggers near 51st Avenue Southeast (milepost 3) for utilities work.",/Date(1784932956783-0700)/,Low,Northwest,"{'Description': None, 'Direction': 'B', 'Latitude': 47.879020745, 'Longitude': -122.164272265, 'MilePost': 3.4, 'RoadName': '096'}",2026-07-24 15:41:00-07:00
706451,,"{'Description': None, 'Direction': 'B', 'Latitude': 47.701283888, 'Longitude': -121.981000575, 'MilePost': 12.03, 'RoadName': '203'}",2026-07-31 06:00:00-07:00,Construction,Open,,"From 7 p.m. to 6 a.m. Sunday nights through Friday mornings beginning Monday, July 27, one lane of State Route 203 will be closed for a paving project between just south of Duvall to the Monroe city limits (mileposts 12.53 to 23.20). Flaggers and pilot cars will direct alternating traffic through the remaining open lane.",/Date(1784925421210-0700)/,Medium,Northwest,"{'Description': None, 'Direction': 'B', 'Latitude': 47.845640595, 'Longitude': -121.970443829, 'MilePost': 23.2, 'RoadName': '203'}",2026-07-24 12:48:00-07:00
706437,,"{'Description': None, 'Direction': 'B', 'Latitude': 48.275905212, 'Longitude': -122.669718446, 'MilePost': 30.29, 'RoadName': '020'}",2026-08-27 05:00:00-07:00,Maintenance,Open,,"Nightly from 9 p.m. to 5 a.m. the next day (except Friday, Saturday) beginning Monday, July 27 to 5 a.m. Thursday, August 27, State Route 20 traffic between Monroe Landing Road (milepost 29) to Eagle Vista Drive (milepost 30) will alternate with flaggers for Ziply utilities work.",/Date(1784921453687-0700)/,Low,Northwest,"{'Description': None, 'Direction': 'B', 'Latitude': 48.264595725, 'Longitude': -122.680540888, 'MilePost': 29.25, 'RoadName': '020'}",2026-07-24 11:01:00-07:00
706434,,"{'Description': None, 'Direction': 'E', 'Latitude': 47.579934161, 'Longitude': -122.179025293, 'MilePost': 9.72, 'RoadName': '090'}",2026-07-31 05:00:00-07:00,Construction,Open,,"From 9 p.m. to 5 a.m. Sunday, July 26, until Monday, July 27, and from Wednesday night, July 29, until Friday morning, July 31, the eastbound I-90 HOV ramp will close between Bellevue Way SE and I-405 for guardrail installation. 

The eastbound I-90 HOV lane between I-405 and 142nd Place SE is already in a long-term closure to support the I-90 Sunset Creek fish passage project.",/Date(1784915500867-0700)/,Low,Northwest,"{'Description': None, 'Direction': 'E', 'Latitude': 47.579097513, 'Longitude': -122.190627037, 'MilePost': 9.14, 'RoadName': '090'}",2026-07-24 10:48:00-07:00
706424,,"{'Description': None, 'Direction': 'B', 'Latitude': 0, 'Longitude': 0, 'MilePost': 0, 'RoadName': '009'}",2026-07-31 05:00:00-07:00,Maintenance,Open,,"From 9 p.m. Thursday, July 30 to 5 a.m. Friday, July 31, traffic on State Route 9 just east of Finn Settlement Road (milepost 35) will alternate with flaggers for Ziply utilities work.",/Date(1784913448177-0700)/,Low,Northwest,"{'Description': None, 'Direction': 'B', 'Latitude': 48.267954457, 'Longitude': -122.170982859, 'MilePost': 35.18, 'RoadName': '009'}",2026-07-24 10:15:00-07:00
706423,,"{'Description': None, 'Direction': 'B', 'Latitude': 0, 'Longitude': 0, 'MilePost': 0, 'RoadName': '530'}",2026-07-31 05:00:00-07:00,Maintenance,Open,,"From 9 p.m. Thursday, July 30 to 5 a.m. Friday, July 31, traffic on State Route 530 at Arnot Road (milepost 24) will alternate with flaggers for Ziply utilities work.",/Date(1784913219430-0700)/,Low,Northwest,"{'Description': None, 'Direction': 'B', 'Latitude': 48.229932882, 'Longitude': -122.080429351, 'MilePost': 24.54, 'RoadName': '530'}",2026-07-24 10:11:00-07:00
706419,,"{'Description': None, 'Direction': 'E', 'Latitude': 47.87806899, 'Longitude': -122.165823761, 'MilePost': 3.3, 'RoadName': '096'}",2026-08-07 05:00:00-07:00,Maintenance,Open,,"Nightly from 9 p.m. to 5 a.m. the next day beginning Sunday, July 26 to 5 a.m. Friday, Aug. 7, the right lane of eastbound State Route 96 from State Route 527/Bothell-Everett Highway to Seattle Hill Road/132nd Street Southeast (milepost 2) will close for utilities work.",/Date(1784911248707-0700)/,Low,Northwest,"{'Description': None, 'Direction': 'E', 'Latitude': 47.878175122, 'Longitude': -122.206434564, 'MilePost': 1.4, 'RoadName': '096'}",2026-07-24 09:37:00-07:00
706417,,"{'Description': None, 'Direction': 'B', 'Latitude': 47.71184647, 'Longitude': -121.355293076, 'MilePost': 48.99, 'RoadName': '002'}",2026-07-31 05:00:00-07:00,Maintenance,Open,,"Nightly from 9 p.m. to 4 a.m. the next day beginning Monday, July 27 to 5 a.m. Friday, July 31, US 2 traffic will alternate with flaggers from Money Creek Campground (milepost 45) to Skykomish east city limits (milepost 48) for utilities work. The shoulder of US 2 will also close.",/Date(1784910310327-0700)/,Low,Northwest,"{'Description': None, 'Direction': 'B', 'Latitude': 47.730889731, 'Longitude': -121.409510965, 'MilePost': 45.89, 'RoadName': '002'}",2026-07-24 09:23:00-07:00
706416,,"{'Description': None, 'Direction': 'B', 'Latitude': 47.762029808, 'Longitude': -121.472280764, 'MilePost': 42.16, 'RoadName': '002'}",2026-07-31 05:00:00-07:00,Maintenance,Open,,"Nightly from 9 p.m. to 4 a.m. the next day beginning Monday, July 27 to 5 a.m. Friday, July 31, US 2 traffic will alternate with flaggers from the Snohomish/King County line (milepost 40) to Northeast 182nd Street (milepost 42) for utilities work. The shoulder of US 2 will also close.",/Date(1784910190347-0700)/,Low,Northwest,"{'Description': None, 'Direction': 'B', 'Latitude': 47.777857319, 'Longitude': -121.492438449, 'MilePost': 40.72, 'RoadName': '002'}",2026-07-24 09:17:00-07:00
706415,,"{'Description': None, 'Direction': 'E', 'Latitude': 47.878113571, 'Longitude': -122.109757509, 'MilePost': 6.75, 'RoadName': '096'}",2026-07-31 14:00:00-07:00,Maintenance,Open,,"Daily from 7 a.m. to 2 p.m. beginning Monday, July 27 to 2 p.m. Friday, July 31, State Route 96 traffic will alternate with flaggers from East Lowell Larimer Road (milepost 4) to State Route 9 (milepost 6) for utilities work.",/Date(1784909598900-0700)/,Low,Northwest,"{'Description': None, 'Direction': 'E', 'Latitude': 47.891081917, 'Longitude': -122.144443821, 'MilePost': 4.8, 'RoadName': '096'}",2026-07-24 09:12:00-07:00
706326,,"{'Description': None, 'Direction': 'N', 'Latitude': 0, 'Longitude': 0, 'MilePost': 0, 'RoadName': '005'}",2026-10-11 12:00:00-07:00,Construction,Open,,The Harvard Avenue on-ramp to northbound I-5 is closed until mid-October for the Revive I-5 Ship Canal Bridge construction project.,/Date(1784841020780-0700)/,Highest,Northwest,"{'Description': None, 'Direction': 'N', 'Latitude': 47.646643386, 'Longitude': -122.322437901, 'MilePost': 168.34, 'RoadName': '005'}",2026-07-23 14:15:00-07:00
706313,,"{'Description': None, 'Direction': 'B', 'Latitude': 47.541926333, 'Longitude': -121.8355917, 'MilePost': 25.78, 'RoadName': '202'}",2026-08-07 05:00:00-07:00,Construction,Open,,"From 9 p.m. to 5 a.m. Monday nights through Friday mornings starting Monday, July 27, sections of SR 202 will reduce to one lane between NE Tolt Hil Road and Tokul road Southeast for pavement repair. 

Pilot cars and flaggers will alternate traffic through the work zone each night. Delays are possible passing through the work zones. Please slow down and watch for construction crews.",/Date(1784830745243-0700)/,Medium,Northwest,"{'Description': None, 'Direction': 'B', 'Latitude': 47.622331476, 'Longitude': -121.964416463, 'MilePost': 15.6, 'RoadName': '202'}",2026-07-23 11:18:00-07:00
706312,,"{'Description': None, 'Direction': 'B', 'Latitude': 47.672130676, 'Longitude': -122.115447039, 'MilePost': 7.34, 'RoadName': '202'}",2026-08-07 05:00:00-07:00,Construction,Open,,"From 9 p.m. to 5 a.m. Monday nights through Friday mornings starting Monday, July 27, sections of SR 202 will reduce to one lane between the SR 522 interchange and Avondale Way NE for pavement repair. 

Pilot cars and flaggers will alternate traffic through the work zone each night. Delays are possible passing through the work zones. Please slow down and watch for construction crews.",/Date(1784830674727-0700)/,Medium,Northwest,"{'Description': None, 'Direction': 'B', 'Latitude': 47.75857791, 'Longitude': -122.163869605, 'MilePost': 0.0, 'RoadName': '202'}",2026-07-23 11:16:00-07:00
706183,,"{'Description': None, 'Direction': 'B', 'Latitude': 0, 'Longitude': 0, 'MilePost': 0, 'RoadName': '104'}",2026-07-31 05:00:00-07:00,Construction,Open,,"From 8 p.m. to 6 a.m. each night Sunday through Friday nights, single lane closures are planned along SR 104, 35th Avenue NE and NE 185th Street in Lake Forest Park for construction on a fish barrier removal project. 

People traveling through the area should expect flaggers and police officers to control traffic through the intersection.",/Date(1784740476363-0700)/,Low,Northwest,"{'Description': None, 'Direction': 'B', 'Latitude': 47.762896338, 'Longitude': -122.291884838, 'MilePost': 31.27, 'RoadName': '104'}",2026-07-22 10:12:00-07:00
705918,,"{'Description': None, 'Direction': 'B', 'Latitude': 48.918601568, 'Longitude': -122.32065333, 'MilePost': 90.2, 'RoadName': '009'}",2026-07-30 16:00:00-07:00,Construction,Open,,"Northbound and southbound traffic will alternate between 6 a.m. and 4 p.m. daily Mondays through Thursdays beginning Tuesday, July 21, between Hopewell and South Pass roads. Expect delays and watch for crews and machinery in the roadway.",/Date(1784581361923-0700)/,Medium,Northwest,"{'Description': None, 'Direction': 'B', 'Latitude': 48.888280529, 'Longitude': -122.32056188, 'MilePost': 88.1, 'RoadName': '009'}",2026-07-20 13:57:00-07:00
705678,,"{'Description': None, 'Direction': 'B', 'Latitude': 48.319898428, 'Longitude': -122.243194075, 'MilePost': 4.61, 'RoadName': '534'}",2026-07-31 05:00:00-07:00,Construction,Open,,"Eastbound and westbound SR 534 traffic will alternate from 7 p.m. to 5 a.m. nightly Sundays through Friday mornings beginning Sunay, July 19, through Friday, July 31, between I-5 and a half mile west of SR 9. Expect delays and watch for workers in machinery in the work zone.",/Date(1784590166573-0700)/,Low,Northwest,"{'Description': None, 'Direction': 'B', 'Latitude': 48.341168108, 'Longitude': -122.334966963, 'MilePost': 0.0, 'RoadName': '534'}",2026-07-17 14:34:00-07:00
705619,,"{'Description': None, 'Direction': 'B', 'Latitude': 0, 'Longitude': 0, 'MilePost': 0, 'RoadName': '203'}",2026-07-30 15:00:00-07:00,Maintenance,Open,,"Daily from 8 a.m. to 3 p.m. on Tuesday, July 21 and Wednesday, July 22 State Route 203 at 296th Avenue Northeast (milepost 10) will alternate with flaggers for maintenance. This work may also need to occur daily until Thursday, July 30.",/Date(1784319740400-0700)/,Low,Northwest,"{'Description': None, 'Direction': 'B', 'Latitude': 47.689467097, 'Longitude': -121.94011559, 'MilePost': 9.85, 'RoadName': '203'}",2026-07-17 13:07:00-07:00
705585,,"{'Description': None, 'Direction': 'B', 'Latitude': 47.857895501, 'Longitude': -121.96416921, 'MilePost': 15.22, 'RoadName': '002'}",2026-08-07 05:00:00-07:00,Maintenance,Open,,"Nightly from 9 p.m. to 5 a.m. the next day (except Friday, Saturday) beginning Sunday, July 26 to 5 a.m. Friday, August 7, the center lane of US 2 from State Route 203/Lewis Street/Chain Lake Road (milepost 14) to Old Owen Road/Main Street (milepost 15) will close for utilities work.",/Date(1784307837967-0700)/,Low,Northwest,"{'Description': None, 'Direction': 'B', 'Latitude': 47.859282003, 'Longitude': -121.970329799, 'MilePost': 14.92, 'RoadName': '002'}",2026-07-17 10:01:00-07:00
705581,,"{'Description': None, 'Direction': 'B', 'Latitude': 0, 'Longitude': 0, 'MilePost': 0, 'RoadName': '002'}",2026-07-31 05:00:00-07:00,Maintenance,Open,,"Nightly from 9 p.m. to 5 a.m. (except Saturday, Sunday) beginning Monday, July 20 to 5 a.m. Friday, July 31, US 2 traffic will alternate at Old Owen Road/Main Street (milepost 15) for utilities work.",/Date(1784305282527-0700)/,Low,Northwest,"{'Description': None, 'Direction': 'B', 'Latitude': 47.857895501, 'Longitude': -121.96416921, 'MilePost': 15.22, 'RoadName': '002'}",2026-07-17 09:02:00-07:00
704806,,"{'Description': None, 'Direction': 'B', 'Latitude': 0, 'Longitude': 0, 'MilePost': 0, 'RoadName': '005'}",2026-12-31 20:24:00-08:00,Construction,Open,,The express lanes are northbound-only 24 hours a day through the end of 2026 due to lane reductions for construction on the northbound I-5 Ship Canal Bridge.,/Date(1783740488493-0700)/,High,Northwest,"{'Description': None, 'Direction': 'B', 'Latitude': 47.604451588, 'Longitude': -122.32741772, 'MilePost': 165.35, 'RoadName': '005'}",2026-07-10 20:30:00-07:00
704777,,"{'Description': None, 'Direction': 'N', 'Latitude': 48.689930541, 'Longitude': -122.417052433, 'MilePost': 247.1, 'RoadName': '005'}",2026-07-31 05:00:00-07:00,Construction,Open,,"The left lane of northbound I-5 will close from 8 p.m. to 5 a.m. nightly Sundays through Friday mornings through Friday, July 31, between North Lake Samish (exit 246) and the bypass at Chuckanut Creek (milepost 247) for fish passage construction.

More information on the <a href=""https://wsdot.wa.gov/construction-planning/search-projects/i-5-tributaries-friday-lake-chuckanut-creeks-fish-passage"">project webpage</a>.",/Date(1783725315363-0700)/,Low,Northwest,"{'Description': None, 'Direction': 'N', 'Latitude': 48.678953524, 'Longitude': -122.394440567, 'MilePost': 245.5, 'RoadName': '005'}",2026-07-10 16:12:00-07:00
704754,,"{'Description': None, 'Direction': 'B', 'Latitude': 0, 'Longitude': 0, 'MilePost': 0, 'RoadName': '525'}",2026-09-18 14:30:00-07:00,Maintenance,Open,,"Daily from 9 a.m. to 2:3 p.m. (excluding Friday, Saturday, Sunday) beginning Monday, July 13 until Friday, Sept. 16, State Route 525 traffic will alternate with flaggers near Admiral Drive (milepost 29) for utilities work.",/Date(1783717985387-0700)/,Low,Northwest,"{'Description': None, 'Direction': 'B', 'Latitude': 48.16355386, 'Longitude': -122.606428341, 'MilePost': 29.97, 'RoadName': '525'}",2026-07-10 14:07:00-07:00
704731,,"{'Description': None, 'Direction': 'B', 'Latitude': 47.239575759, 'Longitude': -122.293932055, 'MilePost': 32.58, 'RoadName': '161'}",2026-08-31 11:44:00-07:00,Construction,Open,,"Starting at 12:01 a.m. Monday, July 13, the right lane on northbound and southbound SR 161 will close around the clock between South 370th Street and Military Road. 

One lane will remain open in each direction, but delays are likely through the work zone. 

This closure supports preliminary work on a fish barrier removal project planned for summer 2026 that will replace three culverts beneath SR 161.",/Date(1783709246853-0700)/,High,Northwest,"{'Description': None, 'Direction': 'B', 'Latitude': 47.256525435, 'Longitude': -122.294196973, 'MilePost': 33.75, 'RoadName': '161'}",2026-07-10 11:44:00-07:00
704709,,"{'Description': None, 'Direction': 'B', 'Latitude': 47.993833229, 'Longitude': -122.178802463, 'MilePost': 194.99, 'RoadName': '005'}",,Maintenance,Open,,"Daily from 7 a.m. to 4 p.m. (except Saturday, Sunday) until 4 p.m. Friday, July 31, one right lane of both directions of the Interstate 5 on-ramp from East Grand Avenue/East Marine View Drive will close for utilities work.",/Date(1784305560830-0700)/,Low,Northwest,"{'Description': None, 'Direction': 'B', 'Latitude': 47.991939921, 'Longitude': -122.181227823, 'MilePost': 194.82, 'RoadName': '005'}",2026-07-10 10:36:00-07:00
704057,,"{'Description': None, 'Direction': 'B', 'Latitude': 0, 'Longitude': 0, 'MilePost': 0, 'RoadName': '005'}",2026-12-31 12:00:00-08:00,Construction,Open,,"The express lanes will operate northbound-only 24 hours a day until the end of the year, to support  Revive I-5 northbound construction.",/Date(1783740444347-0700)/,High,Northwest,"{'Description': None, 'Direction': 'B', 'Latitude': 47.704775365, 'Longitude': -122.329535359, 'MilePost': 172.52, 'RoadName': '005'}",2026-07-06 10:35:00-07:00
703804,,"{'Description': None, 'Direction': 'S', 'Latitude': 0, 'Longitude': 0, 'MilePost': 0, 'RoadName': '005'}",2026-08-03 05:00:00-07:00,Construction,Open,,"The southbound I-5 off-ramp to Alger/Lake Samish Road (exit 240) is closed until Aug. 3 for fish passage construction. A signed detour will use the Nulle Road off-ramp (exit 242).

More information on the <a href=""https://wsdot.wa.gov/construction-planning/search-projects/i-5-tributaries-friday-lake-chuckanut-creeks-fish-passage"">project webpage</a>.",/Date(1784322501493-0700)/,Low,Northwest,"{'Description': None, 'Direction': 'S', 'Latitude': 48.622376425, 'Longitude': -122.356845975, 'MilePost': 241.0, 'RoadName': '005'}",2026-07-02 14:49:00-07:00
703159,,"{'Description': None, 'Direction': 'B', 'Latitude': 47.753160829, 'Longitude': -122.169721922, 'MilePost': 0.54, 'RoadName': '202'}",,Maintenance,Open,,Until further notice: Daily from 7 a.m. to 5 p.m. expect intermittent lane closures on State Route 202/131st Avenue Southeast from State Route 522 to Railroad Crossing (milepost 0) for city of Woodinville utilities work. Little Bear Creek Parkway will be open to local traffic with intermittent flagging and lane closures.,/Date(1782509955720-0700)/,Low,Northwest,"{'Description': None, 'Direction': 'B', 'Latitude': 47.75857791, 'Longitude': -122.163869605, 'MilePost': 0.0, 'RoadName': '202'}",2026-06-26 14:33:00-07:00
701924,,"{'Description': None, 'Direction': 'B', 'Latitude': 48.689930541, 'Longitude': -122.417052433, 'MilePost': 247.1, 'RoadName': '005'}",2026-10-31 13:47:00-07:00,Construction,Open,,"Northbound and southbound I-5 will use temporary, two-lane bypass roads near Chuckanut Creek (milepost 247) south of Bellingham around the clock through October. With traffic off I-5, crews will install new fish passable structures. An advisory speed limit of 50 mph will be set through the work zones.

More information on the <a href=""https://wsdot.wa.gov/construction-planning/search-projects/i-5-tributaries-friday-lake-chuckanut-creeks-fish-passage"">project webpage</a>.",/Date(1783028929490-0700)/,Low,Northwest,"{'Description': None, 'Direction': 'B', 'Latitude': 48.678953524, 'Longitude': -122.394440567, 'MilePost': 245.5, 'RoadName': '005'}",2026-06-18 05:00:00-07:00
701793,,"{'Description': None, 'Direction': 'B', 'Latitude': 47.75451115, 'Longitude': -122.165331155, 'MilePost': 0.31, 'RoadName': '202'}",,Maintenance,Open,,Until further notice: Daily from 7 a.m. to 5 p.m. State Route 202/Woodinville-Redmond Road Northeast traffic will alternate with flaggers from State Route 522 to 131st Avenue Southeast (milepost 0) for a city of Woodinville utilities project.,/Date(1781555432540-0700)/,Low,Northwest,"{'Description': None, 'Direction': 'B', 'Latitude': 47.75857791, 'Longitude': -122.163869605, 'MilePost': 0.0, 'RoadName': '202'}",2026-06-15 13:24:00-07:00
701768,,"{'Description': None, 'Direction': 'B', 'Latitude': 0, 'Longitude': 0, 'MilePost': 0, 'RoadName': '542'}",,Maintenance,Open,,"Effective June 10, 2026, State Route 542/Road to Artist Point has reopened for the season. Traditionally weather and road conditions are reported from November 1 to April 1. Should adverse weather occur that will impact travel, updates will be provided as information is available.",/Date(1781541121073-0700)/,Low,Northwest,"{'Description': None, 'Direction': 'B', 'Latitude': 48.864729432, 'Longitude': -121.674029327, 'MilePost': 53.9, 'RoadName': '542'}",2026-06-15 09:28:00-07:00
700601,,"{'Description': None, 'Direction': 'E', 'Latitude': 0, 'Longitude': 0, 'MilePost': 0, 'RoadName': '536'}",,Construction,Open,,"The SR 536 Skagit River Bridge is closed to eastbound traffic until early 2027 to repaint the bridge. Eastbound vehicles should detour using eastbound SR 20 and southbound I-5.

The bridge remains open to westbound traffic. Pedestrians bicycles and emergency vehicles may use the bridge in both directions.

More information on <a href=""https://wsdot.wa.gov/construction-planning/search-projects/sr-536-skagit-river-bridge-painting"">project webpage</a>",/Date(1781281926240-0700)/,High,Northwest,"{'Description': None, 'Direction': 'E', 'Latitude': 48.42165281, 'Longitude': -122.341202081, 'MilePost': 4.72, 'RoadName': '536'}",2026-06-05 09:06:00-07:00
697871,,"{'Description': None, 'Direction': 'W', 'Latitude': 47.50451358, 'Longitude': -121.884622966, 'MilePost': 27.59, 'RoadName': '018'}",2026-07-31 08:00:00-07:00,Construction,Open,,Expect intermittent overnight right lane closures of eastbound and westbound SR 18 between SE 99th Street (Snoqualmie Parkway) and SE 104th Street for utility work.,/Date(1783656976120-0700)/,Low,Northwest,"{'Description': None, 'Direction': 'W', 'Latitude': 47.509031331, 'Longitude': -121.883576949, 'MilePost': 27.91, 'RoadName': '018'}",2026-05-11 16:43:00-07:00
697869,,"{'Description': None, 'Direction': 'B', 'Latitude': 47.504307562, 'Longitude': -121.884570895, 'MilePost': 27.59, 'RoadName': '018'}",2026-07-31 08:00:00-07:00,Construction,Open,,Expect intermittent daytime single lane closures of both directions of SR 18 between Deep Creek (milepost 25) and SE 104th Street (milepost 27.5) for landscaping and slope stabilization work from 7am to 5pm weekdays.,/Date(1780600098880-0700)/,Medium,Northwest,"{'Description': None, 'Direction': 'B', 'Latitude': 47.475424469, 'Longitude': -121.894847814, 'MilePost': 25.5, 'RoadName': '018'}",2026-05-11 16:39:00-07:00
696896,,"{'Description': None, 'Direction': 'B', 'Latitude': 0, 'Longitude': 0, 'MilePost': 0, 'RoadName': '524'}",2026-10-02 20:00:00-07:00,Construction,Open,,"Westbound SR 524/196th Street SW has been reduced to one lane and eastbound SR 524/196th Street SW has been reduced to two lanes, 24 hours a day, near the I-5 interchange for a city of Lynnwood construction project.",/Date(1777904931100-0700)/,Medium,Northwest,"{'Description': None, 'Direction': 'B', 'Latitude': 47.82093396, 'Longitude': -122.277980154, 'MilePost': 5.3, 'RoadName': '524'}",2026-05-04 07:30:00-07:00
694074,,"{'Description': None, 'Direction': 'W', 'Latitude': 47.54874542, 'Longitude': -122.061240219, 'MilePost': 15.81, 'RoadName': '090'}",2026-12-31 23:55:00-08:00,Construction,Open,,"Westbound I-90 is reduced to three lanes near the 17th Street Northwest on-ramp to the Lakemont Boulevard off-ramp, with traffic shifts to accommodate construction. The HOV lane is open to all drivers.",/Date(1776437863633-0700)/,Medium,Northwest,"{'Description': None, 'Direction': 'W', 'Latitude': 47.541698151, 'Longitude': -122.038100094, 'MilePost': 17.02, 'RoadName': '090'}",2026-04-17 08:00:00-07:00
693862,,"{'Description': None, 'Direction': 'B', 'Latitude': 48.90933354, 'Longitude': -122.358520139, 'MilePost': 6.8, 'RoadName': '544'}",2026-08-28 17:00:00-07:00,Construction,Open,,"Eastbound and westbound SR 544 will be closed from Robinson Street to Everson Road until Aug. 28 for <a href=""https://www.ci.everson.wa.us/news_detail_T28_R305.php"">city of Everson project</a>. All vehicles should use Robinson Road and Everson Street to detour during the closure.",/Date(1783016877893-0700)/,High,Northwest,"{'Description': None, 'Direction': 'B', 'Latitude': 48.915717639, 'Longitude': -122.353174553, 'MilePost': 7.46, 'RoadName': '544'}",2026-04-15 10:32:00-07:00
691529,,"{'Description': None, 'Direction': 'B', 'Latitude': 0, 'Longitude': 0, 'MilePost': 0, 'RoadName': '009'}",,Maintenance,Open,,Until further notice: The northbound lane of both directions of State Route 9 at Lake Creek Bridge (milepost 43) is closed. A temporary traffic signal is alternating northbound and southbound traffic through the southbound lane until further notice.,/Date(1779476547650-0700)/,High,Northwest,"{'Description': None, 'Direction': 'B', 'Latitude': 48.344264224, 'Longitude': -122.205860766, 'MilePost': 42.86, 'RoadName': '009'}",2026-03-24 12:10:00-07:00
684227,,"{'Description': None, 'Direction': 'E', 'Latitude': 47.495878402, 'Longitude': -121.886365014, 'MilePost': 27.0, 'RoadName': '018'}",,Construction,Open,,Expect intermittent closures of the right lane of eastbound SR 18 for construction work Monday through Fridays from 7 a.m. to 5 p.m. for landscape repairs and utility work.,/Date(1770918972380-0800)/,Medium,Northwest,"{'Description': None, 'Direction': 'E', 'Latitude': 47.475424469, 'Longitude': -121.894847814, 'MilePost': 25.5, 'RoadName': '018'}",2026-02-12 09:50:00-08:00
